<?xml version="1.0"?>
<doc>
    <assembly>
        <name>Dialogue</name>
    </assembly>
    <members>
        <member name="T:Dialogue.IMiddleware`2">
            <summary>
            Defines middleware that can be used in a request handler pipeline.
            </summary>
            <typeparam name="TRequest">The type of request handled by the pipeline.</typeparam>
            <typeparam name="TResponse">The type of response handled by the pipeline.</typeparam>
        </member>
        <member name="M:Dialogue.IMiddleware`2.InvokeAsync(Dialogue.RequestContext{`0,`1})">
            <summary>
            Request handling method.
            Invoke Next to pass the context to the next middleware in the pipeline.
            </summary>
            <param name="context"><see cref="T:Dialogue.RequestContext`2"/></param>
            <returns><see cref="T:System.Threading.Tasks.Task"/></returns>
        </member>
        <member name="T:Dialogue.IRequestHandlerBuilder`2">
            <summary>
            A builder for request handlers.
            Configure, register services for, and build <see cref="T:Dialogue.IRequestHandler`2"/>.
            </summary>
            <typeparam name="TRequest">The type of request handled by the pipeline.</typeparam>
            <typeparam name="TResponse">The type of response handled by the pipeline.</typeparam>
        </member>
        <member name="P:Dialogue.IRequestHandlerBuilder`2.Configuration">
            <summary>
            The <see cref="T:Microsoft.Extensions.Configuration.IConfigurationManager"/> for the request handler.
            </summary>
            <remarks><seealso href="https://learn.microsoft.com/en-us/aspnet/core/fundamentals/configuration/?view=aspnetcore-8.0"/></remarks>
        </member>
        <member name="P:Dialogue.IRequestHandlerBuilder`2.Services">
            <summary>
            The <see cref="T:Microsoft.Extensions.DependencyInjection.IServiceCollection"/> for the request handler.
            </summary>
        </member>
        <member name="M:Dialogue.IRequestHandlerBuilder`2.Build">
            <summary>
            Call Build to create an instance of <see cref="T:Dialogue.IRequestHandler`2"/>.
            </summary>
            <returns><see cref="T:Dialogue.IRequestHandler`2"/></returns>
        </member>
        <member name="T:Dialogue.IRequestHandler`2">
            <summary>
            An interface that defines the mechanisms to setup a request handler's pipeline.
            </summary>
            <typeparam name="TRequest">The type of request handled by the pipeline.</typeparam>
            <typeparam name="TResponse">The type of response handled by the pipeline.</typeparam>
        </member>
        <member name="M:Dialogue.IRequestHandler`2.InvokeAsync(`0)">
            <summary>
            Invokes the request handler's pipeline.
            </summary>
            <param name="request"></param>
            <returns></returns>
        </member>
        <member name="M:Dialogue.IRequestHandler`2.Prepare">
            <summary>
            Prepare's the request handler's internal middleware pipeline.
            </summary>
            <returns><see cref="T:Dialogue.IRequestHandler`2"/></returns>
        </member>
        <member name="M:Dialogue.IRequestHandler`2.Use(System.Func{Dialogue.RequestDelegate{`0,`1},Dialogue.RequestDelegate{`0,`1}})">
            <summary>
            Adds a middleware to the request handler's pipeline.
            </summary>
            <param name="middleware"><see cref="T:System.Func`2"/>, <see cref="T:Dialogue.RequestDelegate`2"/></param>
            <returns><see cref="T:Dialogue.IRequestHandler`2"/></returns>
        </member>
        <member name="M:Dialogue.IRequestHandler`2.Use(System.Func{Dialogue.RequestContext{`0,`1},Dialogue.RequestDelegate{`0,`1},System.Threading.Tasks.Task})">
            <summary>
            Adds a middleware to the request handler's pipeline.
            </summary>
            <param name="middleware"><see cref="T:System.Func`3"/>, <see cref="T:Dialogue.RequestContext`2"/>, <see cref="T:Dialogue.RequestDelegate`2"/>, <see cref="T:System.Threading.Tasks.Task"/></param>
            <returns><see cref="T:Dialogue.IRequestHandler`2"/></returns>
        </member>
        <member name="M:Dialogue.IRequestHandler`2.Use``1">
            <summary>
            Adds a middleware to the request handler's pipeline.
            </summary>
            <typeparam name="TMiddleware"><see cref="T:Dialogue.IMiddleware`2"/></typeparam>
            <returns><see cref="T:Dialogue.IRequestHandler`2"/></returns>
        </member>
        <member name="T:Dialogue.RequestContext`2">
            <summary>
            The request context holds the request, response, and other data that can be passed from one request delegate, or middleware, to another.
            </summary>
            <typeparam name="TRequest">The type of request handled by the pipeline.</typeparam>
            <typeparam name="TResponse">The type of response handled by the pipeline.</typeparam>
            <param name="Request">The request.</param>
            <param name="Id">Id for tracing the request. <see cref="T:System.Ulid"/></param>
            <param name="Timestamp">Request timestamp. <see cref="T:System.DateTime"/></param>
            <param name="Services"><see cref="T:System.IServiceProvider"/></param>
            <param name="CancellationToken">Each delegate should call CancelationToken.ThrowIfCancellationRequested() before processing or forwarding the request context. <see cref="P:Dialogue.RequestContext`2.CancellationToken"/> </param>
        </member>
        <member name="M:Dialogue.RequestContext`2.#ctor(`0,System.Ulid,System.DateTime,System.IServiceProvider,System.Threading.CancellationToken)">
            <summary>
            The request context holds the request, response, and other data that can be passed from one request delegate, or middleware, to another.
            </summary>
            <typeparam name="TRequest">The type of request handled by the pipeline.</typeparam>
            <typeparam name="TResponse">The type of response handled by the pipeline.</typeparam>
            <param name="Request">The request.</param>
            <param name="Id">Id for tracing the request. <see cref="T:System.Ulid"/></param>
            <param name="Timestamp">Request timestamp. <see cref="T:System.DateTime"/></param>
            <param name="Services"><see cref="T:System.IServiceProvider"/></param>
            <param name="CancellationToken">Each delegate should call CancelationToken.ThrowIfCancellationRequested() before processing or forwarding the request context. <see cref="P:Dialogue.RequestContext`2.CancellationToken"/> </param>
        </member>
        <member name="P:Dialogue.RequestContext`2.Request">
            <summary>The request.</summary>
        </member>
        <member name="P:Dialogue.RequestContext`2.Id">
            <summary>Id for tracing the request. <see cref="T:System.Ulid"/></summary>
        </member>
        <member name="P:Dialogue.RequestContext`2.Timestamp">
            <summary>Request timestamp. <see cref="T:System.DateTime"/></summary>
        </member>
        <member name="P:Dialogue.RequestContext`2.Services">
            <summary><see cref="T:System.IServiceProvider"/></summary>
        </member>
        <member name="P:Dialogue.RequestContext`2.CancellationToken">
            <summary>Each delegate should call CancelationToken.ThrowIfCancellationRequested() before processing or forwarding the request context. <see cref="P:Dialogue.RequestContext`2.CancellationToken"/> </summary>
        </member>
        <member name="P:Dialogue.RequestContext`2.Data">
            <summary>
            Data that can be passed from one middleware to another.
            </summary>
        </member>
        <member name="P:Dialogue.RequestContext`2.Response">
            <summary>
            The response.
            </summary>
        </member>
        <member name="T:Dialogue.RequestDelegate`2">
            <summary>
            Request delegate that can be used in a request handler pipeline.
            </summary>
            <typeparam name="TRequest">The type of request handled by the pipeline.</typeparam>
            <typeparam name="TResponse">The type of response handled by the pipeline.</typeparam>
            <param name="context"></param>
            <returns></returns>
        </member>
        <member name="T:Dialogue.RequestHandlerBuilder">
            <summary>
            Extensions to create new typed request handler builders.
            <seealso cref="T:Dialogue.IRequestHandlerBuilder`2"/>
            </summary>
        </member>
        <member name="M:Dialogue.RequestHandlerBuilder.New``2">
            <summary>
            Creates a new request handler builder.
            </summary>
            <typeparam name="TRequest">The type of request handled by the pipeline.</typeparam>
            <typeparam name="TResponse">The type of response handled by the pipeline.</typeparam>
            <returns><see cref="T:Dialogue.IRequestHandlerBuilder`2"/></returns>
        </member>
        <member name="M:Dialogue.RequestHandlerBuilder.New``2(System.String[])">
            <summary>
            Creates a new request handler builder.
            </summary>
            <typeparam name="TRequest">The type of request handled by the pipeline.</typeparam>
            <typeparam name="TResponse">The type of response handled by the pipeline.</typeparam>
            <param name="args">Program args passed into Main(). Used to build <see cref="T:Microsoft.Extensions.Configuration.IConfiguration"/> with <see cref="T:Microsoft.Extensions.Configuration.IConfigurationBuilder"/>.AddCommandLine(args)</param>
            <returns><see cref="T:Dialogue.IRequestHandlerBuilder`2"/></returns>
        </member>
        <member name="T:Dialogue.RequestHandlerBuilder`2">
            <inheritdoc/>
        </member>
        <member name="P:Dialogue.RequestHandlerBuilder`2.Configuration">
            <inheritdoc/>
        </member>
        <member name="P:Dialogue.RequestHandlerBuilder`2.Services">
            <inheritdoc/>
        </member>
        <member name="M:Dialogue.RequestHandlerBuilder`2.Build">
            <inheritdoc/>
        </member>
        <member name="T:Dialogue.RequestHandler`2">
            <inheritdoc/>
        </member>
        <member name="M:Dialogue.RequestHandler`2.#ctor(Microsoft.Extensions.DependencyInjection.ServiceProvider,System.TimeSpan)">
            <inheritdoc/>
        </member>
        <member name="M:Dialogue.RequestHandler`2.InvokeAsync(`0)">
            <inheritdoc/>
        </member>
        <member name="M:Dialogue.RequestHandler`2.Prepare">
            <inheritdoc/>
        </member>
        <member name="M:Dialogue.RequestHandler`2.Use(System.Func{Dialogue.RequestDelegate{`0,`1},Dialogue.RequestDelegate{`0,`1}})">
            <inheritdoc/>
        </member>
        <member name="M:Dialogue.RequestHandler`2.Use(System.Func{Dialogue.RequestContext{`0,`1},Dialogue.RequestDelegate{`0,`1},System.Threading.Tasks.Task})">
            <inheritdoc/>
        </member>
        <member name="M:Dialogue.RequestHandler`2.Use``1">
            <inheritdoc/>
        </member>
        <member name="T:Dialogue.Void">
            <summary>
            A type that represents the absence of a response type. Useful type for TResponse generic param when request scenario doesn't require a response.
            Examples: IRequestHandlerBuilder{string, Void}, RequestContext{string, Void}, etc.
            </summary>
        </member>
    </members>
</doc>
